INSERT INTO clients (id, is_company, name, phone, email, comment) VALUES
(1, FALSE, 'Иванов Иван Иванович',      '+7 900 100-0000', 'ivanov@mail.ru', 'Постоянный клиент'),
(2, FALSE, 'Петров Петр Петрович',      '+7 900 100-0001', 'petrov@mail.ru', 'Новый клиент'),
(3, FALSE, 'Сидорова Мария Ивановна',   '+7 900 100-0002', 'sidorova@gmail.com', 'Бывает редко'),
(4, TRUE,  'ООО АвтоМир',               '+7 900 200-0000', 'manager@automir.ru', 'Дилер компании АвтоМир'),
(5, TRUE,  'ЗАО Нефтехим',             '+7 900 200-0001', 'info@neftehim.ru', 'Крупный оптовый покупатель'),
(6, FALSE, 'Лебедев Алексей Сергеевич','+7 900 300-0000', 'lebedev@mail.ru', ''),
(7, FALSE, 'Прокопьев Андрей Викторович','+7 900 300-0001','prokopiev@mail.ru','Расчёт по безналу'),
(8, FALSE, 'Соколова Елена Дмитриевна', '+7 900 400-0000', 'sokolova@yandex.ru','Нуждается в рассрочке'),
(9, TRUE,  'ООО Стройсервис',          '+7 900 400-0001', 'contact@stroiservice.ru', 'Оптовый клиент'),
(10, FALSE,'Шаров Дмитрий Александрович','+7 900 500-0000','sharov@mail.ru','Регулярный клиент'),
(11, FALSE,'Кузнецов Олег Николаевич', '+7 900 500-0001','kuznetsov@mail.ru',''),
(12, TRUE, 'ООО Автосвязь',            '+7 900 600-0000', 'info@avtosviaz.ru','Партнёр компании'),
(13, FALSE,'Руденко Юлия Владимировна', '+7 900 600-0001','rudenko@gmail.com','VIP-клиент'),
(14, TRUE, 'ПАО ГазСервис',            '+7 900 700-0000', 'info@gazservice.ru',''),
(15, FALSE,'Смирнов Константин Юрьевич','+7 900 700-0001','smirnov@mail.ru','Имеет бонусную карту');

INSERT INTO cars (id, client_id, make, model, vin,       license_plate, year, mileage) VALUES
(1,  1, 'Toyota', 'Camry',     '26RH8HCC12Y5KH4RZ', 'M462MH92', 2010, 150000),
(2,  1, 'Honda',  'Civic',     'M7LAYCGKXDLBEWH48', 'Y943MP09', 2018,  50000),
(3,  2, 'Volkswagen','Passat', '9LHXD3QD15864ASDD', 'B491PH71', 2015,  90000),
(4,  2, 'Hyundai',  'Solaris',  'KEISEQL48NK5Y2RD0', 'B686OB46', 2020,  30000),
(5,  3, 'Kia',     'Rio',       'ZIF4EBFESYAOPTNSU', 'M120CO40', 2012, 120000),
(6,  3, 'Lada',    'Granta',    'T1FP5ZSB376SBRR2P', 'X387MC85', 2016,  80000),
(7,  4, 'BMW',     'X5',        'WR7S8C51PPYMHZXSL', 'C689EB43', 2021,  20000),
(8,  4, 'Audi',    'A4',        'S83N9SO9JM5X0G0IX', 'B892CM56', 2014, 110000),
(9,  5, 'Mercedes-Benz','C200',  'SKAIM7SLXMOVT5LQY', 'T810XP59', 2019,  40000),
(10, 5, 'Skoda',   'Octavia',   'E1842MPM1UMN2TIVG', 'C572TP25', 2013, 100000),
(11, 6, 'Renault', 'Logan',     'YL4J28OMDB036NHTH', 'H383AT45', 2009, 160000),
(12, 7, 'Mazda',   '3',         '15A1BDUHH9CA7SYC4', 'E439MH34', 2017,  60000),
(13, 8, 'Chevrolet','Niva',     '0436BA71A0WGLMSGT', 'A194MX03', 2011, 130000),
(14, 9, 'Opel',    'Astra',     'XOGMQM5BFYTC0E94N', 'X402BK08', 2016,  85000),
(15, 10,'Nissan',  'Almera',    'B0JNX4BL8L1HOCEUZ', 'O560PA16', 2022,  10000),
(16, 11,'Mitsubishi','Lancer',   'C5KCL7LDNWHRF80QY', 'O835BE61', 2020,  50000),
(17, 12,'Subaru',  'Forester',  'VKV3K0VQ1CMY1KVNT', 'X141BX97', 2013,  95000),
(18, 13,'Ford',    'Focus',     'IH8DKOPHXIA195OJK', 'K681OC54', 2015,  90000),
(19, 14,'Volvo',   'S60',       'EMRHNJEN2VMK5Q2T2', 'B877AX70', 2018,  40000),
(20, 15,'Suzuki',  'SX4',       '4POXZDL9Y9OKD4AAY', 'M170TO48', 2014, 115000);

INSERT INTO roles (id, name, description) VALUES
(1, 'Управляющий', 'Руководит автосервисом'),
(2, 'Механик',     'Выполняет ремонтные работы'),
(3, 'Приёмщик',    'Принимает заказы от клиентов'),
(4, 'Бухгалтер',   'Ведет финансовый учет');

INSERT INTO employees (id, role_id, full_name, phone, email, active) VALUES
(1, 1, 'Игорь Смирнов',    '+7 910 111-11-11', 'igor.smirnov@autoservice.ru', TRUE),
(2, 3, 'Ольга Петрова',    '+7 910 111-11-12', 'olga.petrova@autoservice.ru', TRUE),
(3, 2, 'Дмитрий Иванов',   '+7 910 111-11-13', 'dmitriy.ivanov@autoservice.ru', TRUE),
(4, 2, 'Анна Кузнецова',   '+7 910 111-11-14', 'anna.kuznetsova@autoservice.ru', TRUE),
(5, 2, 'Сергей Волков',    '+7 910 111-11-15', 'sergey.volkov@autoservice.ru', TRUE),
(6, 4, 'Елена Соколова',   '+7 910 111-11-16', 'elena.sokolova@autoservice.ru', TRUE);

INSERT INTO users (id, employee_id, username, password, active) VALUES
(1, 1, 'admin', 'admin123', TRUE);

INSERT INTO services (id, name, unit, base_price, description) VALUES
(1,  'ТО (10 000 км)',              'шт', 6000.00, 'Регламентное техобслуживание каждые 10000 км'),
(2,  'Замена масла двигателя',      'шт', 1500.00, 'Замена моторного масла и масляного фильтра'),
(3,  'Замена масла в КПП',          'шт', 1200.00, 'Замена масла в коробке передач'),
(4,  'Замена воздушного фильтра',   'шт',  700.00, 'Установка нового воздушного фильтра'),
(5,  'Замена салонного фильтра',    'шт',  600.00, 'Установка нового салонного фильтра'),
(6,  'Замена свечей зажигания',     'шт',  800.00, 'Замена всех свечей зажигания в двигателе'),
(7,  'Диагностика двигателя',       'шт', 1000.00, 'Полная диагностика работы двигателя'),
(8,  'Диагностика электрики',       'шт', 1200.00, 'Проверка электрических систем автомобиля'),
(9,  'Развал-схождение',           'шт', 2000.00, 'Регулировка углов установки колес'),
(10, 'Ремонт подвески',            'шт', 2500.00, 'Ремонт элементов подвески'),
(11, 'Замена амортизаторов',       'шт', 3000.00, 'Установка новых амортизаторов'),
(12, 'Замена тормозных колодок',   'шт', 1800.00, 'Замена передних и задних тормозных колодок'),
(13, 'Замена тормозных дисков',    'шт', 2200.00, 'Установка новых тормозных дисков'),
(14, 'Ремонт тормозной системы',   'шт', 2000.00, 'Общий ремонт тормозной системы'),
(15, 'Замена рулевой рейки',       'шт', 4000.00, 'Установка новой рулевой рейки'),
(16, 'Замена сцепления',           'шт', 4500.00, 'Замена сцепления и связанных компонентов'),
(17, 'Заправка кондиционера',      'шт', 1500.00, 'Заправка хладагента в систему кондиционирования'),
(18, 'Замена ремня ГРМ',           'шт', 3500.00, 'Установка нового ремня ГРМ'),
(19, 'Шиномонтаж и балансировка',  'шт', 1000.00, 'Сезонная замена шин и балансировка колес'),
(20, 'Компьютерная диагностика',   'шт', 1000.00, 'Сканирование ошибок бортового компьютера');
INSERT INTO parts (id, part_number, name, unit, price, stock_qty) VALUES
(1,  'PN001', 'Масляный фильтр (MANN)',        'шт',  500.00,  96),
(2,  'PN002', 'Воздушный фильтр (K&N)',        'шт', 1200.00,  57),
(3,  'PN003', 'Топливный фильтр (BOSCH)',      'шт',  800.00,  71),
(4,  'PN004', 'Салонный фильтр (WIX)',         'шт',  600.00,  68),
(5,  'PN005', 'Свеча зажигания (NGK)',         'шт',  300.00,  68),
(6,  'PN006', 'Свеча накаливания (BERU)',      'шт',  400.00,   3),
(7,  'PN007', 'Аккумулятор 60Ah (Bosch)',      'шт', 4500.00,  63),
(8,  'PN008', 'Аккумулятор 75Ah (VARTA)',      'шт', 6000.00,  82),
(9,  'PN009', 'Тормозной диск передний (ATE)', 'шт', 3000.00,  92),
(10, 'PN010', 'Тормозной диск задний (ATE)',   'шт', 2800.00,  71),
(11, 'PN011', 'Тормозные колодки передние (TRW)', 'шт', 2500.00, 81),
(12, 'PN012', 'Тормозные колодки задние (TRW)',   'шт', 2400.00, 24),
(13, 'PN013', 'Ремень ГРМ (GATES)',            'шт', 1500.00,  52),
(14, 'PN014', 'Ремень генератора (DAYCO)',     'шт',  700.00,  65),
(15, 'PN015', 'Ступичный подшипник (SKF)',     'шт', 1800.00,  83),
(16, 'PN016', 'Ступичный подшипник (TIMKEN)',  'шт', 1700.00,  99),
(17, 'PN017', 'Рулевой наконечник (MOOG)',     'шт',  500.00,  14),
(18, 'PN018', 'Стойка стабилизатора (LEMFORDER)', 'шт',  900.00,  35),
(19, 'PN019', 'Амортизатор передний (KYB)',    'шт', 2500.00,  68),
(20, 'PN020', 'Амортизатор задний (KYB)',     'шт', 2300.00,  69),
(21, 'PN021', 'Лампа H7 (PHILIPS)',          'шт',  200.00,  38),
(22, 'PN022', 'Лампа P21W (OSRAM)',         'шт',  100.00,  85),
(23, 'PN023', 'Радиатор охлаждения (AVALON)', 'шт', 5000.00,  21),
(24, 'PN024', 'Насос водяной (GRAF)',       'шт', 3200.00,  13),
(25, 'PN025', 'Датчик температуры (Vemo)', 'шт',  500.00,  84),
(26, 'PN026', 'Датчик уровня масла (BOSCH)', 'шт',  700.00,  83),
(27, 'PN027', 'Колодка сцепления комплект (SACHS)', 'шт', 3500.00,  37),
(28, 'PN028', 'Подшипник сцепления (SACHS)', 'шт', 1500.00,  29),
(29, 'PN029', 'Корзина сцепления (LuK)',   'шт', 4000.00,  38),
(30, 'PN030', 'Масляный фильтр (FRAM)',      'шт',  450.00,  71),
(31, 'PN031', 'Моторное масло 5W-40 (Total)', 'шт', 2000.00,  29),
(32, 'PN032', 'Трансмиссионное масло (Castrol)', 'шт', 2500.00,  79),
(33, 'PN033', 'Антифриз G12 (MAHLE)',       'шт', 1000.00,   2),
(34, 'PN034', 'Антифриз G11 (MAHLE)',       'шт',  900.00,  62),
(35, 'PN035', 'Стекло лобовое (Pilkington)', 'шт', 3000.00,   1),
(36, 'PN036', 'Стекло заднее (Saint-Gobain)', 'шт', 2500.00,  89),
(37, 'PN037', 'Ремень компрессора кондиционера (DAYCO)', 'шт',  900.00,  64),
(38, 'PN038', 'Компрессор кондиционера (Valeo)', 'шт', 8000.00,   8),
(39, 'PN039', 'Насос ГУР (TRW)',           'шт', 4000.00,  63),
(40, 'PN040', 'Фара передняя левая (Magneti Marelli)', 'шт', 7000.00,   9),
(41, 'PN041', 'Фара передняя правая (Magneti Marelli)', 'шт', 7000.00,  29),
(42, 'PN042', 'Фонарь задний левый (Depo)', 'шт', 2000.00,  34),
(43, 'PN043', 'Фонарь задний правый (Depo)', 'шт', 2000.00,  90),
(44, 'PN044', 'Бампер передний (General Motors)', 'шт', 10000.00, 37),
(45, 'PN045', 'Бампер задний (General Motors)', 'шт',  9500.00, 16),
(46, 'PN046', 'Капот (SSA)',               'шт', 12000.00, 88),
(47, 'PN047', 'Крыло переднее левое (SPARETO)', 'шт', 6000.00, 91),
(48, 'PN048', 'Крыло переднее правое (SPARETO)', 'шт', 6000.00, 37),
(49, 'PN049', 'Щетка стеклоочистителя 600 мм (Bosch)', 'шт',  300.00, 14),
(50, 'PN050', 'Щетка стеклоочистителя 500 мм (Bosch)', 'шт',  250.00, 79);

INSERT INTO orders (id, client_id, car_id, manager_id, opened_at, closed_at, status, comment) VALUES
(1, 1, 1, 1, '2025-01-10', '2025-01-12', 'выполнен',  'Плановое ТО'),
(2, 2, 3, 1, '2025-02-05', '2025-02-07', 'оплачен',  'Замена масла и фильтров'),
(3, 3, 5, 1, '2025-03-01', NULL,       'в_работе','Ремонт тормозной системы'),
(4, 4, 7, 1, '2025-04-10', '2025-04-15','отменён',  'Отказался от услуги'),
(5, 5, 9, 1, '2025-05-20', NULL,       'новый',    'Первый визит в сервис');
INSERT INTO service_items (id, order_id, service_id, employee_id, quantity, unit_price) VALUES
(1, 1, 1, 3, 1, 6000.00),  
(2, 1, 2, 4, 1, 1500.00),  
(3, 2, 2, 3, 1, 1500.00),  
(4, 2, 5, 4, 1,  600.00),  
(5, 3, 14, 5, 1, 2000.00),  
(6, 5, 7, 3, 1, 1000.00);  

INSERT INTO material_items (id, service_item_id, part_id, quantity, unit_price) VALUES
(1, 1,  1, 1, 500.00),  
(2, 1, 31, 4, 2000.00),  
(3, 1, 33, 1, 1000.00), 
(4, 2, 30, 1, 450.00),   
(5, 2, 31, 4, 2000.00),  
(6, 3, 31, 4, 2000.00), 
(7, 3, 30, 1, 450.00),   
(8, 4,  4, 1, 600.00),   
(9, 5, 11, 1, 2500.00),  
(10,5, 12, 1, 2400.00),  
(11,5,  9, 2, 3000.00),  
(12,5, 10, 2, 2800.00);  






